round,queue,producers,target,achieved,put_mean,put_p50,put_p99,put_p999,put_max,e2e_mean,e2e_p50,e2e_p99,e2e_p999,e2e_max,batch,prod_ns_op,cons_ns_op,proc_ns_op,prod_cores,cons_cores
1,lock,1,1000000,1000182,97,45,181,8583,919039,51.3,43.7,263.2,1101.8,6664.2,154.6,208,90,310,0.21,0.09
1,unbounded,1,1000000,1000062,89,45,542,8487,2150399,47.5,43.7,165.0,834.0,3856.4,118.5,204,92,308,0.20,0.09
1,lock,1,4000000,4000946,152,45,181,46783,2242559,36.0,29.8,147.5,550.9,2365.4,63.3,115,53,171,0.46,0.21
1,unbounded,1,4000000,4001231,58,45,407,4967,526847,26.5,22.2,114.8,276.5,710.7,7.7,102,47,152,0.41,0.19
1,lock,4,1000000,1000200,313,45,497,53823,1718271,148.6,111.6,596.5,899.1,2347.0,199.3,776,165,956,0.78,0.16
1,unbounded,4,1000000,1000510,161,45,497,24559,563199,136.6,101.2,589.3,944.6,2238.5,92.7,763,150,927,0.76,0.15
1,lock,4,4000000,4001475,340,45,181,23071,3600383,195.8,151.8,739.8,1327.1,4018.2,935.4,229,47,282,0.92,0.19
1,unbounded,4,4000000,4000621,138,45,587,8759,702463,98.3,67.0,479.7,751.1,1626.1,14.1,291,62,358,1.17,0.25
1,lock,8,1000000,1000208,611,45,451,19327,3082239,461.0,357.4,1758.2,2379.8,4091.9,537.9,1080,125,1237,1.08,0.12
1,unbounded,8,1000000,1000334,160,45,451,14807,1464319,365.5,269.6,1509.4,2156.5,3549.2,198.1,1071,103,1194,1.07,0.10
1,lock,8,4000000,4001258,1157,45,181,17471,5980159,690.5,641.5,1941.5,2670.6,6258.7,3162.3,285,31,325,1.14,0.12
1,unbounded,8,4000000,4002005,150,45,948,3115,4366335,313.0,215.3,1451.0,2738.2,5128.2,42.1,398,42,446,1.59,0.17
1,lock,16,1000000,1000693,918,45,452,11919,7368703,704.1,502.5,3182.6,5320.7,7966.7,532.7,723,68,817,0.72,0.07
1,unbounded,16,1000000,1000230,180,45,587,12735,40239103,540.4,336.1,2994.2,12918.8,80216.1,173.0,784,71,874,0.78,0.07
1,lock,16,4000000,4000998,3631,45,180,1748991,30687231,1585.1,1577.0,3362.8,4139.0,31227.9,5461.5,236,19,259,0.94,0.08
1,unbounded,16,4000000,4003325,176,45,1083,3205,9232383,437.2,309.0,1964.0,4960.3,9445.4,92.1,352,35,392,1.41,0.14
1,lock,32,1000000,1001547,23428,45,451,6881279,205914111,6304.6,6135.8,12951.6,16973.8,210894.8,5238.4,963,19,1004,0.96,0.02
1,unbounded,32,1000000,1000994,187,45,903,8807,9068543,484.9,357.6,2154.5,4272.1,12640.3,177.5,791,58,869,0.79,0.06
1,lock,32,4000000,2795391,11369,45,136,47039,246415359,2928.6,2893.8,5840.9,19071.0,249298.9,5579.9,241,18,268,0.67,0.05
1,unbounded,32,4000000,4007272,249,45,1219,3793,15204351,598.3,351.0,6250.5,13811.7,19480.6,151.3,421,35,461,1.69,0.14
2,unbounded,1,1000000,1000282,88,45,542,8671,1260543,34.6,26.9,140.5,478.2,2020.4,119.1,203,95,308,0.20,0.09
2,lock,1,1000000,1000071,97,45,270,8487,1562623,33.6,26.4,138.9,328.4,1843.2,146.0,203,93,312,0.20,0.09
2,unbounded,1,4000000,4000752,77,45,452,5915,1714175,17.2,7.9,120.4,533.5,2203.6,3.4,120,73,197,0.48,0.29
2,lock,1,4000000,4001063,157,45,181,53247,5722111,48.3,26.7,294.1,3416.1,9257.0,111.8,121,56,183,0.48,0.23
2,unbounded,4,1000000,1000137,176,45,541,29263,5496831,166.5,101.8,1175.6,6103.0,9650.2,89.9,795,154,970,0.79,0.15
2,lock,4,1000000,1000343,335,45,542,63359,4780031,152.2,112.1,632.3,1412.1,4612.1,208.0,783,168,974,0.78,0.17
2,unbounded,4,4000000,4000650,137,45,587,8943,1815551,99.9,67.6,490.2,1134.6,2172.9,15.0,292,62,360,1.17,0.25
2,lock,4,4000000,4002506,358,45,181,29711,3919871,200.9,155.1,756.2,1333.2,4321.3,1012.9,233,48,286,0.93,0.19
2,unbounded,8,1000000,1000217,157,45,451,14671,1297407,369.5,277.0,1462.3,2220.0,3772.4,213.9,1084,102,1206,1.08,0.10
2,lock,8,1000000,1000166,621,45,541,20271,3897343,468.5,362.5,1812.5,2568.2,4775.9,547.6,1087,126,1246,1.09,0.13
2,unbounded,8,4000000,4003319,154,45,1084,3295,4378623,310.6,212.0,1441.8,3487.7,5480.4,42.6,404,42,452,1.62,0.17
2,lock,8,4000000,4002631,1199,45,180,18463,38830079,718.0,654.8,2064.4,6586.4,39616.5,3236.7,284,31,323,1.14,0.12
2,unbounded,16,1000000,1000831,148,45,541,9935,2885631,443.4,337.2,1812.5,2697.2,4829.2,192.1,725,67,809,0.73,0.07
2,lock,16,1000000,1000977,1128,45,497,14807,8699903,771.3,526.8,3921.9,6668.3,12820.5,543.8,724,69,831,0.72,0.07
2,unbounded,16,4000000,4004782,182,45,677,3115,8007679,458.1,310.3,2437.1,6684.7,11108.4,88.7,349,34,387,1.40,0.14
2,lock,16,4000000,4010408,3607,45,136,1718271,103612415,1594.7,1554.4,3377.2,9027.6,104398.8,5403.9,237,18,260,0.95,0.07
2,unbounded,32,1000000,1001035,170,45,903,7675,5558271,472.2,354.8,2022.4,4186.1,7311.4,169.4,767,56,843,0.77,0.06
2,lock,32,1000000,997144,22774,45,451,6746111,200146943,6146.3,6008.8,13058.0,33407.0,205127.7,4363.1,954,20,1003,0.95,0.02
2,unbounded,32,4000000,4004386,255,45,1354,3205,24150015,719.3,348.2,12419.1,21004.3,41680.9,147.3,393,33,429,1.57,0.13
2,lock,32,4000000,2782239,11306,45,136,21983,237109247,2960.2,2922.5,5328.9,9224.2,238813.2,5564.9,249,18,272,0.69,0.05
3,lock,1,1000000,1000235,94,45,226,7991,3926015,31.7,25.2,135.2,406.5,3946.5,146.0,199,92,310,0.20,0.09
3,unbounded,1,1000000,1000077,82,45,542,7403,2582527,30.9,25.0,131.0,388.9,4073.5,112.8,190,92,293,0.19,0.09
3,lock,1,4000000,4000276,162,45,181,53823,5595135,30.5,23.5,148.5,546.3,6053.9,81.6,119,59,183,0.48,0.24
3,unbounded,1,4000000,4000261,67,45,451,5191,2652159,16.5,8.7,114.6,393.2,3207.2,3.7,108,62,173,0.43,0.25
3,lock,4,1000000,1000203,326,45,542,57791,4857855,150.3,110.0,627.2,1286.1,4923.4,197.4,764,163,946,0.76,0.16
3,unbounded,4,1000000,1000182,161,45,497,23711,2924543,134.9,101.0,551.4,895.5,4968.4,91.8,761,153,932,0.76,0.15
3,lock,4,4000000,4001296,378,45,180,28351,64520191,234.5,159.0,1066.0,8871.9,65306.6,1000.5,229,48,283,0.92,0.19
3,unbounded,4,4000000,4000629,151,45,632,8311,1818623,125.2,75.8,799.2,1492.0,2363.4,14.6,302,62,368,1.21,0.25
3,lock,8,1000000,1000369,610,45,407,17439,3862527,477.0,365.3,1840.1,2918.4,6697.0,547.7,1038,121,1189,1.04,0.12
3,unbounded,8,1000000,1000241,187,45,497,15535,35815423,466.7,285.4,1959.9,34078.7,36110.3,210.3,1110,104,1237,1.11,0.10
3,lock,8,4000000,4001017,1168,45,181,16703,23150591,702.1,644.6,1967.1,3084.3,23789.6,3139.9,288,30,330,1.15,0.12
3,unbounded,8,4000000,4001720,151,45,768,3115,4218879,308.5,216.1,1375.2,2160.6,3848.2,42.1,396,42,443,1.59,0.17
3,lock,16,1000000,1000468,1437,45,452,18287,33882111,926.8,590.8,5611.5,14663.7,34111.5,641.5,760,72,865,0.76,0.07
3,unbounded,16,1000000,1000021,142,45,496,9303,12992511,487.8,345.6,2144.3,12550.1,16089.1,235.2,710,64,788,0.71,0.06
3,lock,16,4000000,4004347,3586,45,136,1751039,41320447,1594.4,1590.3,3262.5,4759.6,42238.0,5379.9,239,18,262,0.96,0.07
3,unbounded,16,4000000,4003751,179,45,903,3115,7884799,437.1,314.6,1930.2,3825.7,7225.3,86.6,351,35,390,1.41,0.14
3,lock,32,1000000,999787,23263,45,542,6946815,195690495,6273.4,6225.9,12779.5,16187.4,197787.6,5319.1,960,18,1000,0.96,0.02
3,unbounded,32,1000000,1001464,168,45,813,7495,5312511,464.4,356.6,1914.9,2873.3,5230.6,175.8,761,54,839,0.76,0.05
3,lock,32,4000000,2740197,11582,45,136,56351,257032191,3020.7,2916.4,6275.1,9912.3,259129.3,5590.3,261,18,285,0.71,0.05
3,unbounded,32,4000000,4004733,221,45,1174,3161,25444351,599.4,351.2,5570.6,20906.0,29704.2,142.1,381,32,417,1.52,0.13
